ID,Species,CreavesSpecies,Class,Order,Family,NativeStatus,AgwGroup,SubsideGroup,Game,Huntable
SP1,Accipiter gentilis,Autour des palombes,Aves,Accipitriformes,Accipitridés,NS1,Rapace,SG1,0,0
SP10,Aegithalos caudatus,Orite à longue queue,Aves,Passériformes,Aegithalidés,NS1,Autre oiseau,SG2,0,0
SP100,Carduelis flavirostris,Linotte à bec jaune,Aves,Passériformes,Fringillidés,NS1,Autre oiseau,SG2,0,0
SP101,Carduelis spinus,Tarin des aulnes,Aves,Passériformes,Fringillidés,NS1,Autre oiseau,SG2,0,0
SP102,Carpodacus erythrinus,Roselin cramoisi,Aves,Passériformes,Fringillidés,NS1,Autre oiseau,SG2,0,0
SP103,Castor fiber,Castor d'Europe,Mammalia,Castorimorpha,Castoridés,NS1,Mammifère taille moyenne,SG3,0,0
SP104,Certhia brachydactyla,Grimperau des jardins,Aves,Passériformes,Certhiidés,NS1,Autre oiseau,SG2,0,0
SP105,Certhia familiaris,Grimpereau des bois,Aves,Passériformes,Certhiidés,NS1,Autre oiseau,SG2,0,0
SP106,Cervus elaphus,Cerf élaphe,Mammalia,Pecora,Cervidés,NS1,Ongulé,SG3,1,1
SP107,Cettia cetti,Bouscarle de Cetti,Aves,Passériformes,Cettiidés,NS1,Autre oiseau,SG2,0,0
SP108,Charadrius alexandrinus,Pluvier gravelot à collier interrompu,Aves,Charadriiformes,Charadriidés,NS1,Limicole,SG1,0,0
SP109,Charadrius dubius,Pluvier petit gravelot,Aves,Charadriiformes,charadriidés,NS1,Limicole,SG1,0,0
SP11,Aegolius funereus,Chouette de Tengmalm,Aves,Strigiformes,Strigidés,NS1,Rapace,SG1,0,0
SP110,Charadrius hiaticula,Pluvier grand gravelot,Aves,Charadriiformes,Charadriidés,NS1,Limicole,SG1,0,0
SP111,Charadrius morinellus,Pluvier guignard,Aves,Charadriiformes,Charadriidés,NS1,Limicole,SG1,0,0
SP112,Chlamydotis undulata,Outarde houbara,Aves,Otidiformes,Otididés,NS1,Autre oiseau,SG1,0,0
SP113,Chlidonias hybridus,Guifette moustac,Aves,Passériformes,Sternidés,NS1,Laridé,SG1,0,0
SP114,Chlidonias leucopterus,Guifette leucoptère,Aves,Passériformes,Sternidés,NS1,Laridé,SG1,0,0
SP115,Chlidonias niger,Guifette noire,Aves,Passériformes,Sternidés,NS1,Laridé,SG1,0,0
SP116,Ciconia ciconia,Cigogne blanche,Aves,Ciconiiformes,Ciconiidés,NS1,Grand échassier,SG1,0,0
SP117,Ciconia nigra,Cigogne noire,Aves,Ciconiiformes,Ciconiidés,NS1,Grand échassier,SG1,0,0
SP118,Cinclus cinclus,Cincle plongeur,Aves,Passériformes,Cinclidés,NS1,Autre oiseau d'eau,SG2,0,0
SP119,Circaetus gallicus,Circaète Jean le blanc,Aves,Accipitriformes,Accipitridés,NS1,Rapace,SG1,0,0
SP12,Aix galericulata,Canard mandarin,Aves,Ansériformes,Anatidés,NS2,Anatidé  / grèbe,SG4,0,0
SP120,Circus aeruginosus,Busard des roseaux,Aves,Accipitriformes,Accipitridés,NS1,Rapace,SG1,0,0
SP121,Circus cyaneus,Busard Saint Martin,Aves,Accipitriformes,Accipitridés,NS1,Rapace,SG1,0,0
SP122,Circus macrourus,Busard pâle,Aves,Accipitriformes,Accipitridés,NS1,Rapace,SG1,0,0
SP123,Circus pygargus,Busard cendré,Aves,Accipitriformes,Accipitridés,NS1,Rapace,SG1,0,0
SP124,Cisticola juncidis,Cisticole des joncs,Aves,Passériformes,Cisticolidés,NS1,Autre oiseau,SG2,0,0
SP125,Clamator glandarius,Coucou geai,Aves,Cuculiformes,Cuculidés,NS1,Autre oiseau,SG2,0,0
SP126,Clangula hyemalis,Harelde boréale,Aves,Ansériformes,Anatidés,NS1,Anatidé  / grèbe,SG1,0,0
SP127,Clethrionomys glareolus,Campagnol,Mammalia,Muroidea,Muridés,NS1,Micro-mammifère,SG3,0,0
SP128,Coccothraustes coccothraustes,Grosbec casse-noyaux,Aves,Passériformes,Fringillidés,NS1,Autre oiseau,SG2,0,0
SP129,Coccyzus americanus,Coulicou à bec jaune,Aves,Cuculiformes,Cuculidés,NS1,Autre oiseau,SG2,0,0
SP13,Alauda arvensis,Alouette des champs,Aves,Passériformes,Alaudidés,NS1,Autre oiseau,SG2,0,0
SP130,Colinus virginianus,Colin de Virginie,Aves,Galliformes,Phasianidés,NS2,Autre oiseau,SG2,0,0
SP131,Columba livia var. domestica,Pigeon biset féral,Aves,Columbiformes,Colombidés,NS4,Domestique,SG4,0,0
SP132,Columba oenas,Pigeon colombin,Aves,Columbiformes,Colombidés,NS1,Autre oiseau,SG2,0,0
SP133,Columba palumbus,Pigeon ramier,Aves,Columbiformes,Colombidés,NS1,Autre oiseau,SG2,1,1
SP134,Coracias garrulus,Rollier d'Europe,Aves,Coraciiformes,Coraciidés,NS1,Autre oiseau,SG2,0,0
SP135,Coronella austriaca,Coronelle lisse,Reptilia,Squamata,Colubridae,NS1,Reptile,SG2,0,0
SP136,Corvus corax,Grand Corbeau,Aves,Passériformes,Corvidés,NS1,Corvidé,SG2,0,0
SP137,Corvus corone,Corneille noire,Aves,Passériformes,Corvidés,NS1,Corvidé,SG2,0,0
SP138,Corvus frugilegus,Corbeau freux,Aves,Passériformes,Corvidés,NS1,Corvidé,SG2,0,0
SP139,Corvus monedula,Choucas des tours,Aves,Passériformes,Corvidés,NS1,Corvidé,SG2,0,0
SP14,Alca torda,Pingouin torda,Aves,Charadriiformes,Alcidés,NS1,Autre oiseau d'eau,SG1,0,0
SP140,Coturnix coturnix,Caille des blés,Aves,Galliformes,Phasianidés,NS1,Autre oiseau,SG2,0,0
SP141,Crex crex,Râle des genêts,Aves,Gruiformes,Rallidés,NS1,Autre oiseau,SG1,0,0
SP142,Cricetus cricetus,Grand Hasmter,Mammalia,Muroidea,Muridés,NS1,Micro-mammifère,SG3,0,0
SP143,Crocidura leucodon,Musaraigne bicolore,Mammalia,Rodentia,Soricidés,NS1,Micro-mammifère,SG3,0,0
SP144,Crocidura russula,Musaraigne musette,Mammalia,Rodentia,Soricidés,NS1,Micro-mammifère,SG3,0,0
SP145,Cuculus canorus,Coucou gris,Aves,Cuculiformes,Cuculidés,NS1,Autre oiseau,SG2,0,0
SP146,Cygnus columbianus bewickii,Cygne de Bewick,Aves,Ansériformes,Anatidés,NS1,Anatidé  / grèbe,SG1,0,0
SP147,Cygnus cygnus,Cygne chanteur,Aves,Ansériformes,Anatidés,NS1,Anatidé  / grèbe,SG1,0,0
SP148,Cygnus olor,Cygne tuberculé,Aves,Ansériformes,Anatidés,NS1,Anatidé  / grèbe,SG1,0,0
SP149,Dama dama,Daim,Mammalia,Pecora,Cervidés,NS2,Ongulé,SG3,1,1
SP15,Alcedo atthis,Martin-pêcheur d'Europe,Aves,Coraciiformes,Alcédinidés,NS1,Autre oiseau,SG1,0,0
SP150,Delichon urbica,Hirondelle de fenêtre,Aves,Passériformes,Hirundinidés,NS1,Autre oiseau,SG2,0,0
SP151,Dendrocopos leucotos,Pic à dos blanc,Aves,Piciformes,Picidés,NS1,Autre oiseau,SG2,0,0
SP152,Dendrocopos major,Pic épeiche,Aves,Piciformes,Picidés,NS1,Autre oiseau,SG2,0,0
SP153,Dendrocopos medius,Pic mar,Aves,Piciformes,Picidés,NS1,Autre oiseau,SG2,0,0
SP154,Dendrocopos minor,Pic épeichette,Aves,Piciformes,Picidés,NS1,Autre oiseau,SG2,0,0
SP155,Dryocopus martius,Pic noir,Aves,Piciformes,Picidés,NS1,Autre oiseau,SG2,0,0
SP156,Egretta garzetta,Aigrette garzette,Aves,Pélécaniformes,Ardeidés,NS1,Grand échassier,SG1,0,0
SP157,Elanus caeruleus,Elanion blanc,Aves,Accipitriformes,Accipitridés,NS1,Rapace,SG1,0,0
SP158,Eliomys quercinus,Lérot,Mammalia,Rodentia,Muscardinidés,NS1,Micro-mammifère,SG3,0,0
SP159,Emberiza aureola,Bruant auréole,Aves,Passériformes,Emberizidés,NS1,Autre oiseau,SG2,0,0
SP16,Alectoris fufa,Perdrix rouge,Aves,Galliformes,Phasianidés,NS2,Autre oiseau,SG2,0,0
SP160,Emberiza calandra,Bruant proyer,Aves,Passériformes,Emberizidés,NS1,Autre oiseau,SG2,0,0
SP161,Emberiza cia,Bruant fou,Aves,Passériformes,Emberizidés,NS1,Autre oiseau,SG2,0,0
SP162,Emberiza cirlus,Bruant zizi,Aves,Passériformes,Emberizidés,NS1,Autre oiseau,SG2,0,0
SP163,Emberiza citrinella,Bruant jaune,Aves,Passériformes,Emberizidés,NS1,Autre oiseau,SG2,0,0
SP164,Emberiza hortulana,Bruant ortolan,Aves,Passériformes,Emberizidés,NS1,Autre oiseau,SG2,0,0
SP165,Emberiza leucocephala,Bruant à calotte blanche,Aves,Passériformes,Emberizidés,NS1,Autre oiseau,SG2,0,0
SP166,Emberiza pusilla,Bruant nain,Aves,Passériformes,Emberizidés,NS1,Autre oiseau,SG2,0,0
SP167,Emberiza rustica,Bruant rustique,Aves,Passériformes,Emberizidés,NS1,Autre oiseau,SG2,0,0
SP168,Emberiza schoeniclus,Bruant des roseaux,Aves,Passériformes,Emberizidés,NS1,Autre oiseau,SG2,0,0
SP169,Eptesicus nilssonii,Murin,Mammalia,Chiroptera,Verspertilionidés,NS1,Chauve-souris,SG2,0,0
SP17,Alle alle,Mergule nain,Aves,Charadriiformes,Alcidés,NS1,Autre oiseau d'eau,SG1,0,0
SP170,Eptesicus serotinus,Sérotine commune,Mammalia,Chiroptera,Verspertilionidés,NS1,Chauve-souris,SG2,0,0
SP171,Eremophila alpestris,Alouette haussecol,Aves,Passériformes,Alaudidés,NS1,Autre oiseau,SG2,0,0
SP172,Erinaceus europaeus,Hérisson,Mammalia,Eulipotyphla,Erinaceidae,NS1,Micro-mammifère,SG3,0,0
SP173,Erithacus rubecula,Rougegorge familier,Aves,Passériformes,Muscicapidés,NS1,Autre oiseau,SG2,0,0
SP174,Falco columbarius,Faucon émerillon,Aves,Falconiformes,Falconidés,NS1,Rapace,SG1,0,0
SP175,Falco peregrinus,Faucon pèlerin,Aves,Falconiformes,Falconidés,NS1,Rapace,SG1,0,0
SP176,Falco subbuteo,Faucon hobereau,Aves,Falconiformes,Falconidés,NS1,Rapace,SG1,0,0
SP177,Falco tinnunculus,Faucon crécerelle,Aves,Falconiformes,Falconidés,NS1,Rapace,SG1,0,0
SP178,Falco vespertinus,Faucon kobez,Aves,Falconiformes,Falconidés,NS1,Rapace,SG1,0,0
SP179,Felis catus,Chat haret,Mammalia,Carnivora,Félidés,NS4,Domestique,SG4,1,0
SP18,Alopochen aegyptiacus,Ouette d'Egypte,Aves,Ansériformes,Anatidés,NS3,Anatidé  / grèbe,SG4,0,0
SP180,Felis silvestris,Chat sylvestre,Mammalia,Carnivora,Félidés,NS1,Mammifère taille moyenne,SG3,0,0
SP181,Ficedula albicollis,Gobemouche à collier,Aves,Passériformes,Muscicapidés,NS1,Autre oiseau,SG2,0,0
SP182,Ficedula hypoleuca,Gobemouche noir,Aves,Passériformes,Muscicapidés,NS1,Autre oiseau,SG2,0,0
SP183,Ficedula parva,Gobemouche nain,Aves,Passériformes,Muscicapidés,NS1,Autre oiseau,SG2,0,0
SP184,Fratercula arctica,Macareux moine,Aves,Charadriiformes,Alcidés,NS1,Autre oiseau d'eau,SG1,0,0
SP185,Fringilla coelebs,Pinson des arbres,Aves,Passériformes,Fringillidés,NS1,Autre oiseau,SG2,0,0
SP186,Fringilla montifringilla,Pinson du Nord,Aves,Passériformes,Fringillidés,NS1,Autre oiseau,SG2,0,0
SP187,Fulica atra,Foulque macroule,Aves,Gruiformes,Rallidés,NS1,Autre oiseau d'eau,SG1,1,1
SP188,Fulmarus glacialis,Fulmar boréal,Aves,Procellariiformes,Procellaridés,NS1,Autre oiseau d'eau,SG1,0,0
SP189,Galerida cristata,Cochevis huppé,Aves,Passériformes,Alaudidés,NS1,Autre oiseau,SG2,0,0
SP19,Alytes obstetricans,Alyte accoucheur,Amphibia,Anura,Alytidae,NS1,Batracien,SG2,0,0
SP190,Gallinago gallinago,Bécassine des marais,Aves,Charadriiformes,Scolopacidés,NS1,Limicole,SG1,1,0
SP191,Gallinago media,Bécassine double,Aves,Charadriiformes,Scolopacidés,NS1,Limicole,SG1,0,0
SP192,Gallinula chloropus,Gallinule poule d'eau,Aves,Gruiformes,Rallidés,NS1,Autre oiseau d'eau,SG1,1,0
SP193,Garrulus glandarius,Geai des chênes,Aves,Passériformes,Corvidés,NS1,Corvidé,SG2,0,0
SP194,Gavia arctica,Plongeon arctique,Aves,Gaviiformes,Gaviidés,NS1,Autre oiseau d'eau,SG1,0,0
SP195,Gavia stellata,Plongeon catmarin,Aves,Gaviiformes,Gaviidés,NS1,Autre oiseau d'eau,SG1,0,0
SP196,Gelochelidon nilotica,Sterne hansel,Aves,Passériformes,Sternidés,NS1,Laridé,SG1,0,0
SP197,Genetta genetta,Genette,Mammalia,Viverroidea,Viverridés,NS2,Mustélidé,SG3,0,0
SP198,Glareola pratincola,Glaréole à collier,Aves,Charadriiformes,Glaréolidés,NS1,Autre oiseau,SG1,0,0
SP199,Glaucidium passerinum,Chevêchette d'Europe,Aves,Strigiformes,Strigidés,NS1,Rapace,SG1,0,0
SP2,Accipiter nisus,Epervier d'Europe,Aves,Accipitriformes,Accipitridés,NS1,Rapace,SG1,0,0
SP20,Anas acuta,Canard pilet,Aves,Ansériformes,Anatidés,NS1,Anatidé  / grèbe,SG1,1,0
SP200,Glis glis,Loir,Mammalia,Rodentia,Muscardinidés,NS1,Micro-mammifère,SG3,0,0
SP201,Grus grus,Grue cendrée,Aves,Gruiformes,Gruidés,NS1,Autre oiseau d'eau,SG1,0,0
SP202,Gyps fulvus,Vautour fauve,Aves,Accipitriformes,Accipitridés,NS1,Rapace,SG1,0,0
SP203,Haematopus ostralegus,Huîtrier pie,Aves,Charadriiformes,Haematopodidés,NS1,Limicole,SG1,0,0
SP204,Haliaeetus albicilla,Pygargue à queue blanche,Aves,Accipitriformes,Accipitridés,NS1,Rapace,SG1,0,0
SP205,Hieraaetus fasciatus,Aigle de Bonelli,Aves,Accipitriformes,Accipitridés,NS1,Rapace,SG1,0,0
SP206,Hieraaetus pennatus,Aigle botté,Aves,Accipitriformes,Accipitridés,NS1,Rapace,SG1,0,0
SP207,Himantopus himantopus,Echasse blanche,Aves,Charadriiformes,Récurvirostridés,NS1,Limicole,SG1,0,0
SP208,Hippolais icterina,Hypolaïs ictérine,Aves,Passériformes,Acrocéphalidés,NS1,Autre oiseau,SG2,0,0
SP209,Hippolais polyglotta,Hypolaïs polyglotte,Aves,Passériformes,Acrocéphalidés,NS1,Autre oiseau,SG2,0,0
SP21,Anas clypeata,Canard souchet,Aves,Ansériformes,Anatidés,NS1,Anatidé  / grèbe,SG1,1,0
SP210,Hirundo daurica,Hirondelle rousseline,Aves,Passériformes,Hirundinidés,NS1,Autre oiseau,SG2,0,0
SP211,Hirundo rustica,Hirondelle rustique,Aves,Passériformes,Hirundinidés,NS1,Autre oiseau,SG2,0,0
SP212,Hydrobates pelagicus,Océanite tempête,Aves,Procellariiformes,Hydrobatidés,NS1,Autre oiseau d'eau,SG1,0,0
SP213,Hyla arborea,Rainette verte,Amphibia,Anura,Hylidae,NS1,Batracien,SG2,0,0
SP214,Ichthyosaura alpestris,Triton alpestre,Amphibia,Caudata,Salamandridae,NS1,Batracien,SG2,0,0
SP215,Ixobrychus minutus,Blongios nain,Aves,Pélécaniformes,Ardeidés,NS1,Grand échassier,SG1,0,0
SP216,Jynx torquilla,Torcol fourmilier,Aves,Piciformes,Picidés,NS1,Autre oiseau,SG2,0,0
SP217,Lacerta agilis,Lézard des souches,Reptilia,Squamata,Lacertidae,NS1,Reptile,SG2,0,0
SP218,Lagopus lagopus,Lagopède,Aves,Galliformes,Phasianidés,NS1,Autre oiseau,SG2,0,0
SP219,Lanius collurio,Pie-grièche écorcheur,Aves,Passériformes,Laniidés,NS1,Autre oiseau,SG2,0,0
SP22,Anas crecca,Sarcelle d'hiver,Aves,Ansériformes,Anatidés,NS1,Anatidé  / grèbe,SG1,1,1
SP220,Lanius excubitor,Pie-grièche grise,Aves,Passériformes,Laniidés,NS1,Autre oiseau,SG2,0,0
SP221,Lanius minor,Pie-grièche à poitrine rose,Aves,Passériformes,Laniidés,NS1,Autre oiseau,SG2,0,0
SP222,Lanius senator,Pie-grièche à tête rousse,Aves,Passériformes,Laniidés,NS1,Autre oiseau,SG2,0,0
SP223,Larus argentatus,Goéland argenté,Aves,Charadriiformes,Laridés,NS1,Laridé,SG1,0,0
SP224,Larus cachinnans,Goéland pontique,Aves,Charadriiformes,Laridés,NS1,Laridé,SG1,0,0
SP225,Larus canus,Goéland cendré,Aves,Charadriiformes,Laridés,NS1,Laridé,SG1,0,0
SP226,Larus fuscus,Goéland brun,Aves,Charadriiformes,Laridés,NS1,Laridé,SG1,0,0
SP227,Larus glaucoides,Goéland à ailes blanches,Aves,Charadriiformes,Laridés,NS1,Laridé,SG1,0,0
SP228,Larus hyperboreus,Goéland bourgmestre,Aves,Charadriiformes,Laridés,NS1,Laridé,SG1,0,0
SP229,Larus marinus,Goéland marin,Aves,Charadriiformes,Laridés,NS1,Laridé,SG1,0,0
SP23,Anas discors,Sarcelle à ailes bleues,Aves,Ansériformes,Anatidés,NS1,Anatidé  / grèbe,SG1,0,0
SP230,Larus melanocephalus,Mouette mélanocéphale,Aves,Charadriiformes,Laridés,NS1,Laridé,SG1,0,0
SP231,Larus michahellis,Goéland leucophée,Aves,Charadriiformes,Laridés,NS1,Laridé,SG1,0,0
SP232,Larus minutus,Mouette pygmée,Aves,Charadriiformes,Laridés,NS1,Laridé,SG1,0,0
SP233,Larus ridibundus,Mouette rieuse,Aves,Charadriiformes,Laridés,NS1,Laridé,SG1,0,0
SP234,Larus sabini,Mouette de Sabine,Aves,Charadriiformes,Laridés,NS1,Laridé,SG1,0,0
SP235,Lepus europaeus,Lièvre d'Europe,Mammalia,Lagomorpha,Léporidés,NS1,Mammifère taille moyenne,SG3,1,1
SP236,Limicola falcinellus,Bécasseau falcinelle,Aves,Charadriiformes,Scolopacidés,NS1,Limicole,SG1,0,0
SP237,Limosa lapponica,Barge rousse,Aves,Charadriiformes,Scolopacidés,NS1,Limicole,SG1,0,0
SP238,Limosa limosa,Barge à queue noire,Aves,Charadriiformes,Scolopacidés,NS1,Limicole,SG1,0,0
SP239,Lissotriton helveticus,Triton palmé,Amphibia,Caudata,Salamandridae,NS1,Batracien,SG2,0,0
SP24,Anas penelope,Canard siffleur,Aves,Ansériformes,Anatidés,NS1,Anatidé  / grèbe,SG1,1,0
SP240,Lissotriton vulgaris,Triton ponctué,Amphibia,Caudata,Salamandridae,NS1,Batracien,SG2,0,0
SP241,Lithobates catesbeianus,Grenouille taureau,Amphibia,Anura,Ranidae,NS3,Batracien,SG2,0,0
SP242,Locustella fluviatilis,Locustelle fluviatile,Aves,Passériformes,Locustellidés,NS1,Autre oiseau,SG2,0,0
SP243,Locustella luscinioides,Locustelle luscinoïde,Aves,Passériformes,Locustellidés,NS1,Autre oiseau,SG2,0,0
SP244,Locustella naevia,Locustelle tachetée,Aves,Passériformes,Locustellidés,NS1,Autre oiseau,SG2,0,0
SP245,Loxia curvirostra,Bec-croisé des sapins,Aves,Passériformes,Fringillidés,NS1,Autre oiseau,SG2,0,0
SP246,Loxia leucoptera,Bec-croisé bifascié,Aves,Passériformes,Fringillidés,NS1,Autre oiseau,SG2,0,0
SP247,Loxia pityopsittacus,Bec-croisé perroquet,Aves,Passériformes,Fringillidés,NS1,Autre oiseau,SG2,0,0
SP248,Lullula arborea,Alouette lulu,Aves,Passériformes,Alaudidés,NS1,Autre oiseau,SG2,0,0
SP249,Luscinia luscinia,Rossignol progné,Aves,Passériformes,Muscicapidés,NS1,Autre oiseau,SG2,0,0
SP25,Anas platyrhynchos,Canard colvert,Aves,Ansériformes,Anatidés,NS1,Anatidé  / grèbe,SG1,1,1
SP250,Luscinia megarhynchos,Rossignol philomèle,Aves,Passériformes,Muscicapidés,NS1,Autre oiseau,SG2,0,0
SP251,Luscinia svecica,Gorgebleue à miroir,Aves,Passériformes,Muscicapidés,NS1,Autre oiseau,SG2,0,0
SP252,Lutra lutra,Loutre,Mammalia,Musteloidea,Mustélidés,NS1,Mustélidé,SG3,0,0
SP253,Lymnocryptes minimus,Bécassine sourde,Aves,Charadriiformes,Scolopacidés,NS1,Limicole,SG1,1,0
SP254,Lynx lynx,Lynx boréal,Mammalia,Carnivora,Félidés,NS1,Mammifère taille moyenne,SG3,0,0
SP255,Martes foina,Fouine,Mammalia,Musteloidea,Mustélidés,NS1,Mustélidé,SG3,1,0
SP256,Martes martes,Martre des pins,Mammalia,Musteloidea,Mustélidés,NS1,Mustélidé,SG3,1,0
SP257,Melanitta fusca,Macreuse brune,Aves,Ansériformes,Anatidés,NS1,Anatidé  / grèbe,SG1,0,0
SP258,Melanitta nigra,Macreuse noire,Aves,Ansériformes,Anatidés,NS1,Anatidé  / grèbe,SG1,0,0
SP259,Melanocorypha calandra,Alouette calandre,Aves,Passériformes,Alaudidés,NS1,Autre oiseau,SG2,0,0
SP26,Anas platyrhynchos domesticus CI,Colvert hybride,Aves,Ansériformes,Anatidés,NS4,Domestique,SG4,0,0
SP260,Melanocorypha leucoptera,Alouette leucoptère,Aves,Passériformes,Alaudidés,NS1,Autre oiseau,SG2,0,0
SP261,Meles meles,Blaireau d'Europe,Mammalia,Musteloidea,Mustélidés,NS1,Mustélidé,SG3,0,0
SP262,Melopsittacus undulatus,Perruche ondulée,Aves,Psittaciformes,Psittaculidée,NS2,Autre oiseau,SG2,0,0
SP263,Mergus albellus,Harle piette,Aves,Ansériformes,Anatidés,NS1,Anatidé  / grèbe,SG1,0,0
SP264,Mergus merganser,Harle bièvre,Aves,Ansériformes,Anatidés,NS1,Anatidé  / grèbe,SG1,0,0
SP265,Mergus serrator,Harle huppé,Aves,Ansériformes,Anatidés,NS1,Anatidé  / grèbe,SG1,0,0
SP266,Merops apiaster,Guêpier d'Europe,Aves,Coraciiformes,Méropidés,NS1,Autre oiseau,SG2,0,0
SP267,Micromys minutus,Rat des moissons,Mammalia,Muroidea,Muridés,NS1,Micro-mammifère,SG3,0,0
SP268,Microtus agrestis,Campagnol agreste,Mammalia,Muroidea,Muridés,NS1,Micro-mammifère,SG3,0,0
SP269,Microtus arvalis,Campagnol,Mammalia,Muroidea,Muridés,NS1,Micro-mammifère,SG3,0,0
SP27,Anas querquedula,Sarcelle d'été,Aves,Ansériformes,Anatidés,NS1,Anatidé  / grèbe,SG1,1,0
SP270,Microtus subterraneus,Campagnol,Mammalia,Muroidea,Muridés,NS1,Micro-mammifère,SG3,0,0
SP271,Milvus migrans,Milan noir,Aves,Accipitriformes,Accipitridés,NS1,Rapace,SG1,0,0
SP272,Milvus milvus,Milan royal,Aves,Accipitriformes,Accipitridés,NS1,Rapace,SG1,0,0
SP273,Monticola saxatilis,Monticole de roche,Aves,Passériformes,Turdidé,NS1,Autre oiseau,SG2,0,0
SP274,Morus bassanus,Fou de Bassan,Aves,Suliformes,Sulidés,NS1,Autre oiseau d'eau,SG1,0,0
SP275,Motacilla alba,Bergeronnette grise,Aves,Passériformes,Motacillidés,NS1,Autre oiseau,SG2,0,0
SP276,Motacilla cinerea,Bergeronnette des ruisseaux,Aves,Passériformes,Motacillidés,NS1,Autre oiseau,SG2,0,0
SP277,Motacilla flava,Bergeronnette printanière,Aves,Passériformes,Motacillidés,NS1,Autre oiseau,SG2,0,0
SP278,Mus domesticus,Souris,Mammalia,Muroidea,Muridés,NS1,Micro-mammifère,SG3,0,0
SP279,Muscardinus avellanarius,Muscardin,Mammalia,Rodentia,Muscardinidés,NS1,Micro-mammifère,SG3,0,0
SP28,Anas strepera,Canard chipeau,Aves,Ansériformes,Anatidés,NS1,Anatidé  / grèbe,SG1,1,0
SP280,Muscicapa striata,Gobemouche gris,Aves,Passériformes,Muscicapidés,NS1,Autre oiseau,SG2,0,0
SP281,Mustela erminea,Hermine,Mammalia,Musteloidea,Mustélidés,NS1,Mustélidé,SG3,1,0
SP282,Mustela nivalis,Belette,Mammalia,Musteloidea,Mustélidés,NS1,Mustélidé,SG3,1,0
SP283,Mustela putorius,Putois,Mammalia,Musteloidea,Mustélidés,NS1,Mustélidé,SG3,1,0
SP284,Mustela vison (Neovison vison),Vison américain,Mammalia,Musteloidea,Mustélidés,NS2,Mustélidé,SG3,0,0
SP285,Myocastor coypus,Ragondin,Mammalia,Caviomorpha,Echimyidés,NS3,Mammifère taille moyenne,SG3,0,0
SP286,Myotis alcathoe,Murin,Mammalia,Chiroptera,Verspertilionidés,NS1,Chauve-souris,SG2,0,0
SP287,Myotis bechsteinii,Murin,Mammalia,Chiroptera,Verspertilionidés,NS1,Chauve-souris,SG2,0,0
SP288,Myotis brandtii,Murin,Mammalia,Chiroptera,Verspertilionidés,NS1,Chauve-souris,SG2,0,0
SP289,Myotis dasycneme,Murin,Mammalia,Chiroptera,Verspertilionidés,NS1,Chauve-souris,SG2,0,0
SP29,Anguis fragilis,Orvet fragile,Reptilia,Squamata,Anguidae,NS1,Reptile,SG2,0,0
SP290,Myotis daubentonii,Murin de Daubenton,Mammalia,Chiroptera,Verspertilionidés,NS1,Chauve-souris,SG2,0,0
SP291,Myotis emarginatus,Murin,Mammalia,Chiroptera,Verspertilionidés,NS1,Chauve-souris,SG2,0,0
SP292,Myotis myotis,Murin,Mammalia,Chiroptera,Verspertilionidés,NS1,Chauve-souris,SG2,0,0
SP293,Myotis mystacinus,Murin,Mammalia,Chiroptera,Verspertilionidés,NS1,Chauve-souris,SG2,0,0
SP294,Myotis nattereri,Murin,Mammalia,Chiroptera,Verspertilionidés,NS1,Chauve-souris,SG2,0,0
SP295,Natrix natrix,Couleuvre à collier,Reptilia,Squamata,Natricidae,NS1,Reptile,SG2,0,0
SP296,Neomys anomalus,Musaraigne,Mammalia,Rodentia,Soricidés,NS1,Micro-mammifère,SG3,0,0
SP297,Neomys fodiens,Musaraigne,Mammalia,Rodentia,Soricidés,NS1,Micro-mammifère,SG3,0,0
SP298,Neophron percnopterus,Vautour percnoptère,Aves,Accipitriformes,Accipitridés,NS1,Rapace,SG1,0,0
SP299,Netta rufina,Nette rousse,Aves,Ansériformes,Anatidés,NS1,Anatidé  / grèbe,SG1,0,0
SP3,Acrocephalus agricola,Rousserolle isabelle,Aves,Passériformes,Acrocéphalidés,NS1,Autre oiseau,SG2,0,0
SP30,Anser,Oie domestique,Aves,Ansériformes,Anatidés,NS4,Domestique,SG4,0,0
SP300,Nucifraga caryocatactes,Cassenoix moucheté,Aves,Passériformes,Corvidés,NS1,Corvidé,SG2,0,0
SP301,Numenius arquata,Courlis cendré,Aves,Charadriiformes,Scolopacidés,NS1,Limicole,SG1,0,0
SP302,Numenius phaeopus,Courlis corlieu,Aves,Charadriiformes,Scolopacidés,NS1,Limicole,SG1,0,0
SP303,Numenius tenuirostris,Courlis à bec grèle,Aves,Charadriiformes,Scolopacidés,NS1,Limicole,SG1,0,0
SP304,Nyctalus leisleri,Noctule,Mammalia,Chiroptera,Verspertilionidés,NS1,Chauve-souris,SG2,0,0
SP305,Nyctalus noctula,Noctule commune,Mammalia,Chiroptera,Verspertilionidés,NS1,Chauve-souris,SG2,0,0
SP306,Nyctereutes procyonoides,Chien viverrin,Mammalia,Carnivora,Canidés,NS3,Mammifère taille moyenne,SG3,0,0
SP307,Nycticorax nycticorax,Bihoreau gris,Aves,Pélécaniformes,Ardeidés,NS1,Grand échassier,SG1,0,0
SP308,Nymphicus hollandicus,Calopsitte,Aves,Psittaciformes,Psittacidés,NS2,Autre oiseau,SG2,0,0
SP309,Oceanodroma leucorhoa,Océanite culblanc,Aves,Procellariiformes,Hydrobatidés,NS1,Autre oiseau d'eau,SG1,0,0
SP31,Anser albifrons,Oie rieuse,Aves,Ansériformes,Anatidés,NS1,Anatidé  / grèbe,SG1,1,0
SP310,Oenanthe hispanica,Traquet oreillard,Aves,Passériformes,Muscicapidés,NS1,Autre oiseau,SG2,0,0
SP311,Oenanthe oenanthe,Traquet motteux,Aves,Passériformes,Muscicapidés,NS1,Autre oiseau,SG2,0,0
SP312,Oisillon,Oisillon,Aves,oisillon,oisillon,NS1,Autre oiseau,SG2,0,0
SP313,Ondatra zibethicus,Rat musqué,Mammalia,Muroidea,Cricétidés,NS3,Mammifère taille moyenne,SG3,0,0
SP314,Oriolus oriolus,Loriot d'Europe,Aves,Passériformes,Oriolidés,NS1,Autre oiseau,SG2,0,0
SP315,Oryctolagus cuniculus,Lapin de Garenne,Mammalia,Lagomorpha,Léporidés,NS1,Mammifère taille moyenne,SG3,1,1
SP316,Oryctolagus cuniculus domesticus,Lapin domestique,Mammalia,Lagomorpha,Léporidés,NS4,Domestique,SG4,0,0
SP317,Otis tarda,Outarde barbue,Aves,Otidiformes,Otididés,NS1,Autre oiseau,SG1,0,0
SP318,Otus scops,Petit-duc scops,Aves,Strigiformes,Strigidés,NS1,Rapace,SG1,0,0
SP319,Ovis gmelini musimon x Ovis sp.,Mouflon x Mouton domestique,Mammalia,Artiodactyla,Bovidée,NS2,Ongulé,SG3,1,1
SP32,Anser anser,Oie cendrée,Aves,Ansériformes,Anatidés,NS1,Anatidé  / grèbe,SG1,1,0
SP320,Oxyura jamaicensis,Erismature rousse,Aves,Ansériformes,Anatidés,NS1,Anatidé  / grèbe,SG4,0,0
SP321,Oxyura leucocephala,Erismature à tête blanche,Aves,Ansériformes,Anatidés,NS1,Anatidé  / grèbe,SG1,0,0
SP322,Pandion haliaetus,Balbuzard pêcheur,Aves,Accipitriformes,Pandionidés,NS1,Rapace,SG1,0,0
SP323,Panurus biarmicus,Panure à moustaches,Aves,Passériformes,Panuridés,NS1,Autre oiseau,SG2,0,0
SP324,Parabuteo unicinctus,Buse de harris,Aves,Accipitriformes,Accipitridés,NS4,Rapace,SG4,0,0
SP325,Parus ater,Mésange noire,Aves,Passériformes,Paridés,NS1,Autre oiseau,SG2,0,0
SP326,Parus caeruleus,Mésange bleue,Aves,Passériformes,Paridés,NS1,Autre oiseau,SG2,0,0
SP327,Parus cristatus,Mésange huppée,Aves,Passériformes,Paridés,NS1,Autre oiseau,SG2,0,0
SP328,Parus major,Mésange charbonnière,Aves,Passériformes,Paridés,NS1,Autre oiseau,SG2,0,0
SP329,Parus montanus,Mésange boréale,Aves,Passériformes,Paridés,NS1,Autre oiseau,SG2,0,0
SP33,Anser brachyrhynchus,Oie à bec court,Aves,Ansériformes,Anatidés,NS1,Anatidé  / grèbe,SG1,1,0
SP330,Parus palustris,Mésange nonnette,Aves,Passériformes,Paridés,NS1,Autre oiseau,SG2,0,0
SP331,Passer domesticus,Moineau domestique,Aves,Passériformes,Passeridés,NS1,Autre oiseau,SG2,0,0
SP332,Passer montanus,Moineau friquet,Aves,Passériformes,Passeridés,NS1,Autre oiseau,SG2,0,0
SP333,Pelobates fuscus,Pélobate brun,Amphibia,Anura,Pelobatidae,NS1,Batracien,SG2,0,0
SP334,Pelophylax kl. esculentus,Grenouille verte,Amphibia,Anura,Ranidae,NS1,Batracien,SG2,0,0
SP335,Pelophylax lessonae,Grenouille de Lessona,Amphibia,Anura,Ranidae,NS1,Batracien,SG2,0,0
SP336,Pelophylax ridibundus,Grenouille rieuse,Amphibia,Anura,Ranidae,NS1,Batracien,SG2,0,0
SP337,Perdix perdix,Perdrix grise,Aves,Galliformes,Phasianidés,NS1,Autre oiseau,SG2,1,1
SP338,Pernis apivorus,Bondrée apivore,Aves,Accipitriformes,Accipitridés,NS1,Rapace,SG1,0,0
SP339,Petronia petronia,Moineau soulcie,Aves,Passériformes,Passeridés,NS1,Autre oiseau,SG2,0,0
SP34,Anser fabalis,Oie des moissons,Aves,Ansériformes,Anatidés,NS1,Anatidé  / grèbe,SG1,1,0
SP340,Phalacrocorax aristotelis,Cormoran huppé,Aves,Suliformes,Phalacrocoracidés,NS1,Autre oiseau d'eau,SG1,0,0
SP341,Phalacrocorax carbo,Grand Cormoran,Aves,Suliformes,Phalacrocoracidés,NS1,Autre oiseau d'eau,SG1,0,0
SP342,Phalaropus fulicarius,Phalarope à bec large,Aves,Charadriiformes,Scolopacidés,NS1,Limicole,SG1,0,0
SP343,Phalaropus lobatus,Phalarope à bec étroit,Aves,Charadriiformes,Scolopacidés,NS1,Limicole,SG1,0,0
SP344,Phasianus colchicus,Faisan de Colchide,Aves,Galliformes,Phasianidés,NS1,Autre oiseau,SG2,1,1
SP345,Philomachus pugnax,Combattant varié,Aves,Charadriiformes,Scolopacidés,NS1,Limicole,SG1,0,0
SP346,Phoenicurus ochruros,Rougequeue noir,Aves,Passériformes,Muscicapidés,NS1,Autre oiseau,SG2,0,0
SP347,Phoenicurus phoenicurus,Rougequeue à front blanc,Aves,Passériformes,Muscicapidés,NS1,Autre oiseau,SG2,0,0
SP348,Phylloscopus bonelli,Pouillot de Bonelli,Aves,Passériformes,Phylloscopidés,NS1,Autre oiseau,SG2,0,0
SP349,Phylloscopus collybita,Pouillot véloce,Aves,Passériformes,Phylloscopidés,NS1,Autre oiseau,SG2,0,0
SP35,Anthus campestris,Pipit rousseline,Aves,Passériformes,Motacillidés,NS1,Autre oiseau,SG2,0,0
SP350,Phylloscopus inornatus,Pouillot à grands sourcils,Aves,Passériformes,Phylloscopidés,NS1,Autre oiseau,SG2,0,0
SP351,Phylloscopus proregulus,Pouillot de Pallas,Aves,Passériformes,Phylloscopidés,NS1,Autre oiseau,SG2,0,0
SP352,Phylloscopus schwarzi,Pouillot de Schwarz,Aves,Passériformes,Phylloscopidés,NS1,Autre oiseau,SG2,0,0
SP353,Phylloscopus sibilatrix,Pouillot siffleur,Aves,Passériformes,Phylloscopidés,NS1,Autre oiseau,SG2,0,0
SP354,Phylloscopus trochilus,Pouillot fitis,Aves,Passériformes,Phylloscopidés,NS1,Autre oiseau,SG2,0,0
SP355,Pica pica,Pie bavarde,Aves,Passériformes,Corvidés,NS1,Corvidé,SG2,0,0
SP356,Picus canus,Pic cendré,Aves,Piciformes,Picidés,NS1,Autre oiseau,SG2,0,0
SP357,Picus viridis,Pic vert,Aves,Piciformes,Picidés,NS1,Autre oiseau,SG2,0,0
SP358,Pipistrellus kuhlii,Pipistrelle,Mammalia,Chiroptera,Verspertilionidés,NS1,Chauve-souris,SG2,0,0
SP359,Pipistrellus nathusii,Pipistrelle,Mammalia,Chiroptera,Verspertilionidés,NS1,Chauve-souris,SG2,0,0
SP36,Anthus cervinus,Pipit à gorge rousse,Aves,Passériformes,Motacillidés,NS1,Autre oiseau,SG2,0,0
SP360,Pipistrellus pipistrellus,Pipistrelle,Mammalia,Chiroptera,Verspertilionidés,NS1,Chauve-souris,SG2,0,0
SP361,Pipistrellus pygmaeus,Pipistrelle,Mammalia,Chiroptera,Verspertilionidés,NS1,Chauve-souris,SG2,0,0
SP362,Platalea leucorodia,Spatule blanche,Aves,Pélécaniformes,Threskiornithidés,NS1,Grand échassier,SG1,0,0
SP363,Plecotus auritus,Oreillard roux,Mammalia,Chiroptera,Verspertilionidés,NS1,Chauve-souris,SG2,0,0
SP364,Plecotus austriacus,Oreillard,Mammalia,Chiroptera,Verspertilionidés,NS1,Chauve-souris,SG2,0,0
SP365,Plectrophenax nivalis,Bruant des neiges,Aves,Passériformes,Emberizidés,NS1,Autre oiseau,SG2,0,0
SP366,Plegadis falcinellus,Ibis falcinelle,Aves,Pélécaniformes,Threskiornithidés,NS1,Grand échassier,SG1,0,0
SP367,Pluvialis apricaria,Pluvier doré,Aves,Charadriiformes,Charadriidés,NS1,Limicole,SG1,1,0
SP368,Pluvialis squatarola,Pluvier argenté,Aves,Charadriiformes,Charadriidés,NS1,Limicole,SG1,0,0
SP369,Podarcis muralis,Lézard des murailles,Reptilia,Squamata,Lacertidae,NS1,Reptile,SG2,0,0
SP37,Anthus petrosus,Pipit maritime,Aves,Passériformes,Motacillidés,NS1,Autre oiseau,SG2,0,0
SP370,Podiceps auritus,Grèbe esclavon,Aves,Podicipédiformes,Podicipedidés,NS1,Anatidé  / grèbe,SG1,0,0
SP371,Podiceps cristatus,Grèbe huppé,Aves,Podicipédiformes,Podicipedidés,NS1,Anatidé  / grèbe,SG1,0,0
SP372,Podiceps grisegena,Grèbe jougris,Aves,Podicipédiformes,Podicipedidés,NS1,Anatidé  / grèbe,SG1,0,0
SP373,Podiceps nigricollis,Grèbe à cou noir,Aves,Podicipédiformes,Podicipedidés,NS1,Anatidé  / grèbe,SG1,0,0
SP374,Porzana parva,Marouette poussin,Aves,Gruiformes,Rallidés,NS1,Autre oiseau d'eau,SG1,0,0
SP375,Porzana porzana,Marouette ponctuée,Aves,Gruiformes,Rallidés,NS1,Autre oiseau d'eau,SG1,0,0
SP376,Porzana pusilla,Marouette de Baillon,Aves,Gruiformes,Rallidés,NS1,Autre oiseau d'eau,SG1,0,0
SP377,Procyon lotor,Raton laveur,Mammalia,Musteloidea,Procyonidés,NS3,Mammifère taille moyenne,SG3,0,0
SP378,Prunella collaris,Accenteur alpin,Aves,Passériformes,Prunellidés,NS1,Autre oiseau,SG2,0,0
SP379,Prunella modularis,Accenteur mouchet,Aves,Passériformes,Prunellidés,NS1,Autre oiseau,SG2,0,0
SP38,Anthus pratensis,Pipit farlouse,Aves,Passériformes,Motacillidés,NS1,Autre oiseau,SG2,0,0
SP380,Psittacula krameri,Perruche à collier,Aves,Psittaciformes,Psittacidés,NS2,Autre oiseau,SG2,0,0
SP381,Pterocles orientalis,Ganga unibande,Aves,Pterocliformes,Pteroclidés,NS1,Autre oiseau,SG2,0,0
SP382,Ptyonoprogne rupestris,Hirondelle des rochers,Aves,Passériformes,Hirundinidés,NS1,Autre oiseau,SG2,0,0
SP383,Pyrrhula pyrrhula,Bouvreuil pivoine,Aves,Passériformes,Fringillidés,NS1,Autre oiseau,SG2,0,0
SP384,Rallus aquaticus,Râle d'eau,Aves,Gruiformes,Rallidés,NS1,Autre oiseau d'eau,SG1,0,0
SP385,Rana dalmatina,Grenouille agile,Amphibia,Anura,Ranidae,NS1,Batracien,SG2,0,0
SP386,Rana temporaria,Grenouille rousse,Amphibia,Anura,Ranidae,NS1,Batracien,SG2,0,0
SP387,Rattus norvegicus,Rat brun,Mammalia,Muroidea,Muridés,NS1,Micro-mammifère,SG3,0,0
SP388,Rattus rattus,Rat noir,Mammalia,Muroidea,Muridés,NS1,Micro-mammifère,SG3,0,0
SP389,Recurvirostra avosetta,Avocette élégante,Aves,Charadriiformes,Récurvirostridés,NS1,Limicole,SG1,0,0
SP39,Anthus richardi,Pipit de Richard,Aves,Passériformes,Motacillidés,NS1,Autre oiseau,SG2,0,0
SP390,Regulus ignicapillus,Roitelet à triple bandeau,Aves,Passériformes,Régulidés,NS1,Autre oiseau,SG2,0,0
SP391,Regulus regulus,Roitelet huppé,Aves,Passériformes,Régulidés,NS1,Autre oiseau,SG2,0,0
SP392,Rhinolophus ferrumequinum,Rhinolophe grand fer à cheval,Mammalia,Chiroptera,Rhinolophidés,NS1,Chauve-souris,SG2,0,0
SP393,Rhinolophus hipposideros,Rhinolophe petit fer à cheval,Mammalia,Chiroptera,Rhinolophidés,NS1,Chauve-souris,SG2,0,0
SP394,Riparia riparia,Hirondelle de rivage,Aves,Passériformes,Hirundinidés,NS1,Autre oiseau,SG2,0,0
SP395,Rissa triactyla,Mouette tridactyle,Aves,Charadriiformes,Laridés,NS1,Laridé,SG1,0,0
SP396,Salamandra salamandra,Salamandre tachetée,Amphibia,Caudata,Salamandridae,NS1,Batracien,SG2,0,0
SP397,Saxicola rubetra,Tarier des prés,Aves,Passériformes,Muscicapidés,NS1,Autre oiseau,SG2,0,0
SP398,Saxicola rubicola,Tarier pâtre (torquatus),Aves,Passériformes,Muscicapidés,NS1,Autre oiseau,SG2,0,0
SP399,Sciurus vulgaris,Ecureuil roux,Mammalia,Rodentia,Sciuridés,NS1,Mammifère taille moyenne,SG3,0,0
SP4,Acrocephalus arundinaceus,Rousserolle turdoïde,Aves,Passériformes,Acrocéphalidés,NS1,Autre oiseau,SG2,0,0
SP40,Anthus spinoletta,Pipit spioncelle,Aves,Passériformes,Motacillidés,NS1,Autre oiseau,SG2,0,0
SP400,Scolopax rusticola,Bécasse des bois,Aves,Charadriiformes,Scolopacidés,NS1,Autre oiseau,SG1,1,1
SP401,Serinus citrinella,Venturon montagnard,Aves,Passériformes,Fringillidés,NS1,Autre oiseau,SG2,0,0
SP402,Serinus serinus,Serin cini,Aves,Passériformes,Fringillidés,NS1,Autre oiseau,SG2,0,0
SP403,Sitta europaea,Sittelle d'Europe,Aves,Passériformes,Sittidés,NS1,Autre oiseau,SG2,0,0
SP404,Somateria mollissima,Eider à duvet,Aves,Ansériformes,Anatidés,NS1,Anatidé  / grèbe,SG1,0,0
SP405,Sorex araneus,Musaraigne carrelet,Mammalia,Rodentia,Soricidés,NS1,Micro-mammifère,SG3,0,0
SP406,Sorex coronatus,Musaraigne,Mammalia,Rodentia,Soricidés,NS1,Micro-mammifère,SG3,0,0
SP407,Sorex minutus,Musaraigne,Mammalia,Rodentia,Soricidés,NS1,Micro-mammifère,SG3,0,0
SP408,Stercorarius longicaudus,Labbe à longue queue,Aves,Charadriiformes,Stercorariidés,NS1,Autre oiseau d'eau,SG1,0,0
SP409,Stercorarius parasiticus,Labbe parasite,Aves,Charadriiformes,Stercorariidés,NS1,Autre oiseau d'eau,SG1,0,0
SP41,Anthus trivialis,Pipit des arbres,Aves,Passériformes,Motacillidés,NS1,Autre oiseau,SG2,0,0
SP410,Stercorarius pomarinus,Labbe pomarin,Aves,Charadriiformes,Stercorariidés,NS1,Autre oiseau d'eau,SG1,0,0
SP411,Stercorarius skua,Grand Labbe,Aves,Charadriiformes,Stercorariidés,NS1,Laridé,SG1,0,0
SP412,Sterna albifrons,Sterne naine,Aves,Passériformes,Sternidés,NS1,Laridé,SG1,0,0
SP413,Sterna caspia,Sterne caspienne,Aves,Passériformes,Sternidés,NS1,Laridé,SG1,0,0
SP414,Sterna hirundo,Sterne pierregarin,Aves,Passériformes,Sternidés,NS1,Laridé,SG1,0,0
SP415,Sterna paradisaea,Sterne arctique,Aves,Passériformes,Sternidés,NS1,Laridé,SG1,0,0
SP416,Sterna sandvicensis,Sterne caugek,Aves,Passériformes,Sternidés,NS1,Laridé,SG1,0,0
SP417,Streptopelia decaocto,Tourterelle turque,Aves,Columbiformes,Colombidés,NS1,Autre oiseau,SG2,0,0
SP418,Streptopelia turtur,Tourterelle des bois,Aves,Columbiformes,Colombidés,NS1,Autre oiseau,SG2,0,0
SP419,Strix aluco,Chouette hulotte,Aves,Strigiformes,Strigidés,NS1,Rapace,SG1,0,0
SP42,Apodemus flavicollis,Mulot,Mammalia,Muroidea,Muridés,NS1,Micro-mammifère,SG3,0,0
SP420,Sturnus roseus,Etourneau roselin,Aves,Passériformes,Sturnidés,NS1,Autre oiseau,SG2,0,0
SP421,Sturnus vulgaris,Etourneau sansonnet,Aves,Passériformes,Sturnidés,NS1,Autre oiseau,SG2,0,0
SP422,Surnia ulula,Chouette épervière,Aves,Strigiformes,Strigidés,NS1,Rapace,SG1,0,0
SP423,Sus scrofa,Sanglier,Mammalia,Suina,Suidés,NS1,Ongulé,SG3,1,1
SP424,Sylvia atricapilla,Fauvette à tête noire,Aves,Passériformes,Sylviidés,NS1,Autre oiseau,SG2,0,0
SP425,Sylvia borin,Fauvette des jardins,Aves,Passériformes,Sylviidés,NS1,Autre oiseau,SG2,0,0
SP426,Sylvia cantillans,Fauvette passerinette,Aves,Passériformes,Sylviidés,NS1,Autre oiseau,SG2,0,0
SP427,Sylvia communis,Fauvette grisette,Aves,Passériformes,Sylviidés,NS1,Autre oiseau,SG2,0,0
SP428,Sylvia curruca,Fauvette babillarde,Aves,Passériformes,Sylviidés,NS1,Autre oiseau,SG2,0,0
SP429,Sylvia hortensis,Fauvette orphée,Aves,Passériformes,Sylviidés,NS1,Autre oiseau,SG2,0,0
SP43,Apodemus sylvaticus,Mulot sylvestre,Mammalia,Muroidea,Muridés,NS1,Micro-mammifère,SG3,0,0
SP430,Sylvia melanocephala,Fauvette mélanocéphale,Aves,Passériformes,Sylviidés,NS1,Autre oiseau,SG2,0,0
SP431,Sylvia nisoria,Fauvette épervière,Aves,Passériformes,Sylviidés,NS1,Autre oiseau,SG2,0,0
SP432,Sylvia undata,Fauvette pitchou,Aves,Passériformes,Sylviidés,NS1,Autre oiseau,SG2,0,0
SP433,Syrrhaptes paradoxus,Syrrhapte paradoxal,Aves,Pterocliformes,Pteroclidés,NS1,Autre oiseau,SG2,0,0
SP434,Tachybaptus ruficollis,Grèbe castagneux,Aves,Podicipédiformes,Podicipedidés,NS1,Anatidé  / grèbe,SG1,0,0
SP435,Tadorna tadorna,Tadorne de Belon,Aves,Ansériformes,Anatidés,NS1,Anatidé  / grèbe,SG1,0,0
SP436,Talpa europaea,Taupe,Mammalia,Eulipotyphla,Talpidés,NS1,Micro-mammifère,SG3,0,0
SP437,Tamias sibiricus,Tamia de Sibérie,Mammalia,Rodentia,Sciuridés,NS3,Mammifère taille moyenne,SG3,0,0
SP438,Tetrao tetrix,Tetras lyre,Aves,Galliformes,Phasianidés,NS1,Autre oiseau,SG2,0,0
SP439,Tetrao urogallus,Grand Tétras,Aves,Galliformes,Phasianidés,NS1,Autre oiseau,SG2,0,0
SP44,Apus apus,Martinet noir,Aves,Apodiformes,Apodidés,NS1,Autre oiseau,SG2,0,0
SP440,Tetrax tetrax,Outarde canepetière,Aves,Otidiformes,Otididés,NS1,Autre oiseau,SG1,0,0
SP441,Tichodroma muraria,Tichodrome échelette,Aves,Passériformes,Tichodromidés,NS1,Autre oiseau,SG2,0,0
SP442,Tortues aquatiques,Tortue aquatique,Reptilia,Testudines,Emydidae,NS2,Reptile,SG2,0,0
SP443,Trachemys scripta,Tortue de Floride,Reptilia,Testudines,Emydidae,NS3,Reptile,SG2,0,0
SP444,Tringa cinerea,Chevalier bargette,Aves,Charadriiformes,Scolopacidés,NS1,Limicole,SG1,0,0
SP445,Tringa erythropus,Chevalier arlequin,Aves,Charadriiformes,Scolopacidés,NS1,Limicole,SG1,0,0
SP446,Tringa glareola,Chevalier sylvain,Aves,Charadriiformes,Scolopacidés,NS1,Limicole,SG1,0,0
SP447,Tringa nebularia,Chevalier aboyeur,Aves,Charadriiformes,Scolopacidés,NS1,Limicole,SG1,0,0
SP448,Tringa ochropus,Chevalier culblanc,Aves,Charadriiformes,Scolopacidés,NS1,Limicole,SG1,0,0
SP449,Tringa stagnatilis,Chevalier stagnatile,Aves,Charadriiformes,Scolopacidés,NS1,Limicole,SG1,0,0
SP45,Apus melba,Martinet à ventre blanc,Aves,Apodiformes,Apodidés,NS1,Autre oiseau,SG2,0,0
SP450,Tringa totanus,Chevalier gambette,Aves,Charadriiformes,Scolopacidés,NS1,Limicole,SG1,0,0
SP451,Triturus cristatus,Triton crêté,Amphibia,Caudata,Salamandridae,NS1,Batracien,SG2,0,0
SP452,Troglodytes troglodytes,Troglodyte mignon,Aves,Passériformes,Troglodytidés,NS1,Autre oiseau,SG2,0,0
SP453,Turdus iliacus,Grive mauvis,Aves,Passériformes,Turdidés,NS1,Autre oiseau,SG2,0,0
SP454,Turdus merula,Merle noir,Aves,Passériformes,Turdidés,NS1,Autre oiseau,SG2,0,0
SP455,Turdus naumanni,Grive de Nauman,Aves,Passériformes,Turdidés,NS1,Autre oiseau,SG2,0,0
SP456,Turdus obscurus,Grive obscure,Aves,Passériformes,Turdidés,NS1,Autre oiseau,SG2,0,0
SP457,Turdus philomelos,Grive musicienne,Aves,Passériformes,Turdidés,NS1,Autre oiseau,SG2,0,0
SP458,Turdus pilaris,Grive litorne,Aves,Passériformes,Turdidés,NS1,Autre oiseau,SG2,0,0
SP459,Turdus ruficollis,Grive à gorge rousse,Aves,Passériformes,Turdidés,NS1,Autre oiseau,SG2,0,0
SP46,Aquila chrysaetos,Aigle royal,Aves,Accipitriformes,Accipitridés,NS1,Rapace,SG1,0,0
SP460,Turdus torquatus,Merle à plastron,Aves,Passériformes,Turdidés,NS1,Autre oiseau,SG2,0,0
SP461,Turdus viscivorus,Grive draine,Aves,Passériformes,Turdidés,NS1,Autre oiseau,SG2,0,0
SP462,Tyto alba,Effraie des clochers,Aves,Strigiformes,Tytonidés,NS1,Rapace,SG1,0,0
SP463,Upupa epops,Huppe fasciée,Aves,Bucérotiformes,Upudidés,NS1,Autre oiseau,SG2,0,0
SP464,Uria aalge,Guillemot de Troïl,Aves,Charadriiformes,Alcidés,NS1,Autre oiseau d'eau,SG1,0,0
SP465,Vanellus vanellus,Vanneau huppé,Aves,Charadriiformes,Charadriidés,NS1,Limicole,SG1,1,0
SP466,Vespertilio murinus,Serotine bicolore,Mammalia,Chiroptera,Verspertilionidés,NS1,Chauve-souris,SG2,0,0
SP467,Vipera berus,Vipère péliade,Reptilia,Squamata,Viperidae,NS1,Reptile,SG2,0,0
SP468,Vulpes vulpes,Renard roux,Mammalia,Carnivora,Canidés,NS1,Mammifère taille moyenne,SG3,1,1
SP469,Xenopus laevis,Xénope lisse,Amphibia,Anura,Pipidae,NS3,Batracien,SG2,0,0
SP47,Aquila clanga,Aigle criard,Aves,Accipitriformes,Accipitridés,NS1,Rapace,SG1,0,0
SP470,Zoothera dauma,Grive dorée,Aves,Passériformes,Turdidés,NS1,Autre oiseau,SG2,0,0
SP471,Zoothera sibirica,Grive de Sibérie,Aves,Passériformes,Turdidés,NS1,Autre oiseau,SG2,0,0
SP472,Zootoca vivipara,Lézard vivipare,Reptilia,Squamata,Lacertidae,NS1,Reptile,SG2,0,0
SP473,Acanthis cabaret,Sizerin cabaret,Aves,Passériformes,Fringillidés,NS1,Autre oiseau,SG2,0,0
SP474,Anas,Canard semi-domestique,Aves,Ansériformes,Anatidés,NS4,Domestique,SG4,0,0
SP475,Anser indicus,Oie à tête barrée,Aves,Ansériformes,Anatidés,NS1,Anatidé  / grèbe,SG1,0,0
SP476,Atelerix albiventris,Hérisson à ventre blanc,Mammalia,Érinaceomorphes,Érinacéidés,NS2,Domestique,SG3,0,0
SP477,Balearica regulorum,Grue royale,Aves,Gruiformes,Gruidés,NS2,Domestique,SG2,0,0
SP478,Coturnix japonica,Caille du Japon,Aves,Galliformes,Phasianidés,NS4,Domestique,SG4,0,0
SP479,Emys,Cistude,Reptilia,Testudines,Emydidés,NS2,Domestique,SG2,0,0
SP48,Aquila pomarina,Aigle pomarin,Aves,Accipitriformes,Accipitridés,NS1,Rapace,SG1,0,0
SP480,Pavo,Paon,Aves,Galliformes,Phasianidés,NS2,Domestique,SG2,0,0
SP481,Pyrrhula pyrrhula pyrrhula,Bouvreuil ponceau,Aves,Passériformes,Fringillidés,NS1,Autre oiseau,SG2,0,0
SP483,Testudinidae,Tortue terrestre,Reptilia,Testudines,Testudinidés,NS2,Domestique,SG2,0,0
SP484,Testudo hermanni,Tortue d'Hermann,Reptilia,Testudines,Testudinidés,NS2,Domestique,SG2,0,0
SP485,Tortue aquatique,Tortue aquatique,Reptilia,Testudines,Emydidés,NS2,Domestique,SG2,0,0
SP49,Ardea alba,Grande Aigrette,Aves,Pélécaniformes,Ardeidés,NS1,Grand échassier,SG1,0,0
SP5,Acrocephalus paludicola,Phragmite aquatique,Aves,Passériformes,Acrocéphalidés,NS1,Autre oiseau,SG2,0,0
SP50,Ardea cinerea,Héron cendré,Aves,Pélécaniformes,Ardeidés,NS1,Grand échassier,SG1,0,0
SP51,Ardea purpurea,Héron pourpré,Aves,Pélécaniformes,Ardeidés,NS1,Grand échassier,SG1,0,0
SP52,Ardeola ralloides,Crabier chevelu,Aves,Pélécaniformes,Ardeidés,NS1,Grand échassier,SG1,0,0
SP53,Arenaria interpres,Tournepierre à collier,Aves,Charadriiformes,Scolopacidés,NS1,Limicole,SG1,0,0
SP54,Arvicola terrestris,Campagnol terrestre,Mammalia,Muroidea,Muridés,NS1,Micro-mammifère,SG3,0,0
SP55,Asio flammeus,Hibou des marais,Aves,Strigiformes,Strigidés,NS1,Rapace,SG1,0,0
SP56,Asio otus,Hibou moyen-duc,Aves,Strigiformes,Strigidés,NS1,Rapace,SG1,0,0
SP57,Athene noctua,Chevêche d'Athena,Aves,Strigiformes,Strigidés,NS1,Rapace,SG1,0,0
SP58,Remiz pendulinus,Remiz penduline,Aves,Passériformes,Rémizidés,NS1,Autre oiseau,SG2,0,0
SP59,Aythya collaris,Fuligule à bec cerclé,Aves,Ansériformes,Anatidés,NS1,Anatidé  / grèbe,SG1,0,0
SP6,Acrocephalus palustris,Rousserolle verderolle,Aves,Passériformes,Acrocéphalidés,NS1,Autre oiseau,SG2,0,0
SP60,Aythya ferina,Fuligule milouin,Aves,Ansériformes,Anatidés,NS1,Anatidé  / grèbe,SG1,1,0
SP61,Aythya fuligula,Fuligule morillon,Aves,Ansériformes,Anatidés,NS1,Anatidé  / grèbe,SG1,1,0
SP62,Aythya marila,Fuligule milouinan,Aves,Ansériformes,Anatidés,NS1,Anatidé  / grèbe,SG1,1,0
SP63,Aythya nyroca,Fuligule nyroca,Aves,Ansériformes,Anatidés,NS1,Anatidé  / grèbe,SG1,0,0
SP64,Barbastella barbastellus,Barbastelle,Mammalia,Chiroptera,Verspertilionidés,NS1,Chauve-souris,SG2,0,0
SP65,Bombina variegata,Sonneur à ventre jaune,Amphibia,Anura,Bombinatoridae,NS1,Batracien,SG2,0,0
SP66,Bombycilla garrulus,Jaseur boréal,Aves,Passériformes,Bombycillidés,NS1,Autre oiseau,SG2,0,0
SP67,Bonasa bonasia,Gélinotte des bois,Aves,Galliformes,Phasianidés,NS1,Autre oiseau,SG2,0,0
SP68,Botaurus stellaris,Butor étoilé,Aves,Pélécaniformes,Ardeidés,NS1,Grand échassier,SG1,0,0
SP69,Branta bernicla,Bernache cravant,Aves,Ansériformes,Anatidés,NS1,Anatidé  / grèbe,SG1,0,0
SP7,Acrocephalus schoenobaenus,Phragmite des joncs,Aves,Passériformes,Acrocéphalidés,NS1,Autre oiseau,SG2,0,0
SP70,Branta canadensis,Bernache du Canada,Aves,Ansériformes,Anatidés,NS2,Anatidé  / grèbe,SG4,1,1
SP71,Branta leucopsis,Bernache nonnette,Aves,Ansériformes,Anatidés,NS1,Anatidé  / grèbe,SG1,0,0
SP72,Branta ruficollis,Bernache à cou roux,Aves,Ansériformes,Anatidés,NS1,Anatidé  / grèbe,SG1,0,0
SP73,Bubo bubo,Grand-Duc d'Europe,Aves,Strigiformes,Strigidés,NS1,Rapace,SG1,0,0
SP74,Bubulcus ibis,Héron garde-boeufs,Aves,Pélécaniformes,Ardeidés,NS1,Grand échassier,SG1,0,0
SP75,Bucephala clangula,Garrot à oeil d'or,Aves,Ansériformes,Anatidés,NS1,Anatidé  / grèbe,SG1,0,0
SP76,Bufo bufo,Crapaud commun,Amphibia,Anura,Bufonidae,NS1,Batracien,SG2,0,0
SP77,Bufo calamita,Crapaud calamite,Amphibia,Anura,Bufonidae,NS1,Batracien,SG2,0,0
SP78,Burhinus oedicnemus,Oedicnème criard,Aves,Charadriiformes,Burhinidés,NS1,Limicole,SG1,0,0
SP79,Buteo buteo,Buse variable,Aves,Accipitriformes,Accipitridés,NS1,Rapace,SG1,0,0
SP8,Acrocephalus scirpaceus,Rousserolle effarvatte,Aves,Passériformes,Acrocéphalidés,NS1,Autre oiseau,SG2,0,0
SP80,Buteo lagopus,Buse pattue,Aves,Accipitriformes,Accipitridés,NS1,Rapace,SG1,0,0
SP81,Cairina moschata,Canard de barbarie,Aves,Ansériformes,Anatidés,NS4,Domestique,SG4,0,0
SP82,Calandrella brachydactyla,Alouette calandrelle,Aves,Passériformes,Alaudidés,NS1,Autre oiseau,SG2,0,0
SP83,Calcarius lapponicus,Bruant lapon,Aves,Passériformes,Emberizidés,NS1,Autre oiseau,SG2,0,0
SP84,Calidris acuminata,Bécasseau à queue pointue,Aves,Charadriiformes,Scolopacidés,NS1,Limicole,SG1,0,0
SP85,Calidris alba,Bécasseau sanderling,Aves,Charadriiformes,Scolopacidés,NS1,Limicole,SG1,0,0
SP86,Calidris alpina,Bécasseau variable,Aves,Charadriiformes,Scolopacidés,NS1,Limicole,SG1,0,0
SP87,Calidris canutus,Bécasseau maubèche,Aves,Charadriiformes,Scolopacidés,NS1,Limicole,SG1,0,0
SP88,Calidris ferruginea,Bécasseau cocorli,Aves,Charadriiformes,Scolopacidés,NS1,Limicole,SG1,0,0
SP89,Calidris fuscicollis,Bécasseau de Bonaparte,Aves,Charadriiformes,Scolopacidés,NS1,Limicole,SG1,0,0
SP9,Actitis hypoleucos,Chevalier guignette,Aves,Charadriiformes,Scolopacidés,NS1,Limicole,SG1,0,0
SP90,Calidris melanotos,Bécasseau tacheté,Aves,Charadriiformes,Scolopacidés,NS1,Limicole,SG1,0,0
SP91,Calidris minuta,Bécasseau minute,Aves,Charadriiformes,Scolopacidés,NS1,Limicole,SG1,0,0
SP92,Calidris temminckii,Bécasseau de Temminck,Aves,Charadriiformes,Scolopacidés,NS1,Limicole,SG1,0,0
SP93,Canis lupus,Loup,Mammalia,Carnivora,Canidés,NS1,Mammifère taille moyenne,SG3,0,0
SP94,Capreolus capreolus,Chevreuil,Mammalia,Pecora,Cervidés,NS1,Ongulé,SG3,1,1
SP95,Caprimulgus europaeus,Engoulevent d'Europe,Aves,Caprimulgiformes,Caprimulgidés,NS1,Autre oiseau,SG2,0,0
SP96,Carduelis cannabina,Linotte mélodieuse,Aves,Passériformes,Fringillidés,NS1,Autre oiseau,SG2,0,0
SP97,Carduelis carduelis,Chardonneret élégant,Aves,Passériformes,Fringillidés,NS1,Autre oiseau,SG2,0,0
SP98,Carduelis chloris,Verdier d'Europe,Aves,Passériformes,Fringillidés,NS1,Autre oiseau,SG2,0,0
SP99,Carduelis flammea,Sizerin flammé,Aves,Passériformes,Fringillidés,NS1,Autre oiseau,SG2,0,0